[{"id":"user-image-Medinas-Al-Masjid-an-Nabawi-The-Prophets-Mosque-is-a-major-pilgrimate-site-for-Muslims.jpg","publicUrl":"np://user.desktop.nicepage.com/Site_27587572/images/Medinas-Al-Masjid-an-Nabawi-The-Prophets-Mosque-is-a-major-pilgrimate-site-for-Muslims.jpg","size":586738,"hash":"/Y3tfP3yIXenpKp1F9fZg0C1EJw=","fileName":"Medinas-Al-Masjid-an-Nabawi-The-Prophets-Mosque-is-a-major-pilgrimate-site-for-Muslims.jpg","name":"Medinas-Al-Masjid-an-Nabawi-The-Prophets-Mosque-is-a-major-pilgrimate-site-for-Muslims","width":1500,"height":998,"thumbnail":{"url":"np://user.desktop.nicepage.com/Site_27587572/images/thumbnails/Medinas-Al-Masjid-an-Nabawi-The-Prophets-Mosque-is-a-major-pilgrimate-site-for-Muslims.jpg","width":250,"height":166},"folderId":null,"usages":["65429371"]},{"id":"user-image-0b282c73af72d16c352374fde0f34161.jpg","publicUrl":"np://user.desktop.nicepage.com/Site_27587572/images/0b282c73af72d16c352374fde0f34161.jpg","size":199757,"hash":"GIAg6miFr0IobUpP9bdERDsroMY=","fileName":"0b282c73af72d16c352374fde0f34161.jpg","name":"0b282c73af72d16c352374fde0f34161","width":1024,"height":768,"thumbnail":{"url":"np://user.desktop.nicepage.com/Site_27587572/images/thumbnails/0b282c73af72d16c352374fde0f34161.jpg","width":250,"height":188},"folderId":null,"usages":["65429371"]},{"id":"user-image-4.jpg","publicUrl":"np://user.desktop.nicepage.com/Site_27587572/images/4.jpg","size":654942,"hash":"7z/51Apapze4G+sPstNECI8WFLA=","fileName":"4.jpg","name":"4","width":1500,"height":1125,"thumbnail":{"url":"np://user.desktop.nicepage.com/Site_27587572/images/thumbnails/4.jpg","width":250,"height":188},"folderId":null,"usages":["65429371"]},{"id":"user-image-1.jpg","publicUrl":"np://user.desktop.nicepage.com/Site_27587572/images/1.jpg","size":608281,"hash":"9E1V2oj42w+T4CytNaQ1BFI0jlM=","fileName":"1.jpg","name":"1","width":1500,"height":1125,"thumbnail":{"url":"np://user.desktop.nicepage.com/Site_27587572/images/thumbnails/1.jpg","width":250,"height":188},"folderId":null,"usages":["65429371"]},{"id":"user-image-b60f5857327875.59d206b495a7f.jpg","publicUrl":"np://user.desktop.nicepage.com/Site_27587572/images/b60f5857327875.59d206b495a7f.jpg","size":240838,"hash":"SNMgxMj6Ub5ZINStwoEQiPzSOrM=","fileName":"b60f5857327875.59d206b495a7f.jpg","name":"b60f5857327875.59d206b495a7f","width":1500,"height":1125,"thumbnail":{"url":"np://user.desktop.nicepage.com/Site_27587572/images/thumbnails/b60f5857327875.59d206b495a7f.jpg","width":250,"height":188},"folderId":null,"usages":["65429371"]},{"id":"user-image-65429371-01.jpeg","publicUrl":"np://user.desktop.nicepage.com/Site_27587572/images/65429371-01.jpeg","size":862286,"hash":"BMWoszX/8f/DNmviJjnAt3N4SOs=","fileName":"65429371-01.jpeg","name":"65429371-01","width":1500,"height":1000,"thumbnail":{"url":"np://user.desktop.nicepage.com/Site_27587572/images/thumbnails/65429371-01.jpeg","width":250,"height":167},"folderId":null,"usages":["65429371"]},{"id":"user-image-65429371-0.jpeg","publicUrl":"np://user.desktop.nicepage.com/Site_27587572/images/65429371-0.jpeg","size":394019,"hash":"YXo0yJ+kEhIqwIRGnwd9ceC/SSs=","fileName":"65429371-0.jpeg","name":"65429371-0","width":1500,"height":1000,"thumbnail":{"url":"np://user.desktop.nicepage.com/Site_27587572/images/thumbnails/65429371-0.jpeg","width":250,"height":167},"folderId":null,"usages":["65429371"]},{"id":"user-image-photo_2023-11-20_21-39-08_pixian_ai.png","publicUrl":"np://user.desktop.nicepage.com/Site_27587572/images/photo_2023-11-20_21-39-08_pixian_ai.png","size":403980,"hash":"eQaxYI2oD1+cvY90YjMkk6hPRDA=","fileName":"photo_2023-11-20_21-39-08_pixian_ai.png","name":"photo_2023-11-20_21-39-08_pixian_ai","width":1280,"height":1280,"thumbnail":{"url":"np://user.desktop.nicepage.com/Site_27587572/images/thumbnails/photo_2023-11-20_21-39-08_pixian_ai.png","width":250,"height":250},"folderId":null,"usages":[]},{"id":"user-image-cbf4b794-3170-41c8-894b-a9ceb1ceea26.jpg","publicUrl":"np://user.desktop.nicepage.com/Site_27587572/images/cbf4b794-3170-41c8-894b-a9ceb1ceea26.jpg","size":68537,"hash":"D11Jdwj/gu5gZvWW+Lq6qhnzdzg=","fileName":"cbf4b794-3170-41c8-894b-a9ceb1ceea26.jpg","name":"cbf4b794-3170-41c8-894b-a9ceb1ceea26","width":736,"height":736,"thumbnail":{"url":"np://user.desktop.nicepage.com/Site_27587572/images/thumbnails/cbf4b794-3170-41c8-894b-a9ceb1ceea26.jpg","width":250,"height":250},"folderId":null,"originalUrl":"//images01.nicepagecdn.com/c461c07a441a5d220e8feb1a/9ffe27d23b74577f96f3f9ee/cbf4b794-3170-41c8-894b-a9ceb1ceea26.jpg","usages":["65429371"]},{"id":"user-image-2732655.png","publicUrl":"np://user.desktop.nicepage.com/Site_27587572/images/2732655.png","size":1464,"hash":"oQ3Ch+Fvk07o71to7Xot1AIDIl4=","fileName":"2732655.png","name":"2732655","width":128,"height":128,"thumbnail":{"url":"np://user.desktop.nicepage.com/Site_27587572/images/thumbnails/2732655.png","width":128,"height":128,"length":1464,"type":"png"},"folderId":null,"originalUrl":"https://assets.nicepagecdn.com/d2cc3eaa/2180580/images/2732655.png","usages":["65429371"]},{"id":"user-image-56756.jpg","publicUrl":"np://user.desktop.nicepage.com/Site_27587572/images/56756.jpg","size":103982,"hash":"XfifwLLl0aFmbsUvFiNEmZnl0dQ=","fileName":"56756.jpg","name":"56756","width":550,"height":662,"thumbnail":{"url":"np://user.desktop.nicepage.com/Site_27587572/images/thumbnails/56756.jpg","width":208,"height":250},"folderId":null,"originalUrl":"https://assets.nicepagecdn.com/d2cc3eaa/2180580/images/56756.jpg","usages":["65429371"]},{"id":"user-image-567567.jpg","publicUrl":"np://user.desktop.nicepage.com/Site_27587572/images/567567.jpg","size":278780,"hash":"Z+T9bKXBmcI1oOBffICEBO7sBZc=","fileName":"567567.jpg","name":"567567","width":900,"height":598,"thumbnail":{"url":"np://user.desktop.nicepage.com/Site_27587572/images/thumbnails/567567.jpg","width":250,"height":166},"folderId":null,"originalUrl":"https://assets.nicepagecdn.com/d2cc3eaa/2180580/images/567567.jpg","usages":["65429371"]},{"id":"user-image-complex-popular-resort-with-pools-water-parks-turkey-with-more-than-5-million-visitors-year-amara-dolce-vita-luxury-hotel-4.jpg","publicUrl":"np://user.desktop.nicepage.com/Site_27587572/images/complex-popular-resort-with-pools-water-parks-turkey-with-more-than-5-million-visitors-year-amara-dolce-vita-luxury-hotel-4.jpg","size":292925,"hash":"m6BtfnD6NngUfdhYJ/pdN/Y2HoQ=","fileName":"complex-popular-resort-with-pools-water-parks-turkey-with-more-than-5-million-visitors-year-amara-dolce-vita-luxury-hotel-4.jpg","name":"complex-popular-resort-with-pools-water-parks-turkey-with-more-than-5-million-visitors-year-amara-dolce-vita-luxury-hotel-4","width":800,"height":1076,"thumbnail":{"url":"np://user.desktop.nicepage.com/Site_27587572/images/thumbnails/complex-popular-resort-with-pools-water-parks-turkey-with-more-than-5-million-visitors-year-amara-dolce-vita-luxury-hotel-4.jpg","width":186,"height":250},"folderId":null,"originalUrl":"https://assets.nicepagecdn.com/d2cc3eaa/2180580/images/type-entertainment-complex-popular-resort-with-pools-water-parks-turkey-with-more-than-5-million-visitors-year-amara-dolce-vita-luxury-hotel-4.jpg","usages":["65429371"]},{"id":"user-image-675.jpg","publicUrl":"np://user.desktop.nicepage.com/Site_27587572/images/675.jpg","size":90753,"hash":"6paSnplyI5aTF79zQPJPzq3DTxg=","fileName":"675.jpg","name":"675","width":417,"height":626,"thumbnail":{"url":"np://user.desktop.nicepage.com/Site_27587572/images/thumbnails/675.jpg","width":167,"height":250},"folderId":null,"originalUrl":"https://assets.nicepagecdn.com/d2cc3eaa/2180580/images/675.jpg","usages":["65429371"]}]