[{"id":77397419,"title":"Blog Template","order":1,"templateKey":"blog","customTemplate":false,"customTemplateFilename":null,"pageLinks":[],"dateCreated":"2023-11-20T14:26:06.841Z","dateUpdated":"2023-11-20T14:26:10.382Z","folderId":null,"pageName":"Blog Template","serverPageId":null,"sectionCount":1,"status":2,"backwardUrl":null},{"id":871623187,"title":"Post Template","order":2,"templateKey":"post","customTemplate":false,"customTemplateFilename":null,"pageLinks":[],"dateCreated":"2023-11-20T14:26:07.267Z","dateUpdated":"2023-11-20T14:26:10.382Z","folderId":null,"pageName":"Post Template","serverPageId":null,"sectionCount":1,"status":2,"backwardUrl":null},{"id":174240064,"title":"Product List Template","order":3,"templateKey":"products","customTemplate":false,"customTemplateFilename":null,"pageLinks":[],"dateCreated":"2023-11-20T14:26:07.635Z","dateUpdated":"2023-11-20T14:26:10.383Z","folderId":null,"pageName":"Product List Template","serverPageId":null,"sectionCount":1,"status":2,"backwardUrl":null},{"id":683017406,"title":"Product Details Template","order":4,"templateKey":"product","customTemplate":false,"customTemplateFilename":null,"pageLinks":[],"dateCreated":"2023-11-20T14:26:08.004Z","dateUpdated":"2023-11-20T14:26:10.383Z","folderId":null,"pageName":"Product Details Template","serverPageId":null,"sectionCount":1,"status":2,"backwardUrl":null},{"id":538417591,"title":"Shopping Cart Template","order":5,"templateKey":"cart","customTemplate":false,"customTemplateFilename":null,"pageLinks":[],"dateCreated":"2023-11-20T14:26:08.325Z","dateUpdated":"2023-11-20T14:26:10.384Z","folderId":null,"pageName":"Shopping Cart Template","serverPageId":null,"sectionCount":1,"status":2,"backwardUrl":null},{"id":60978257,"title":"Checkout Template","order":6,"templateKey":"checkout","customTemplate":false,"customTemplateFilename":null,"pageLinks":[],"dateCreated":"2023-11-20T14:26:08.775Z","dateUpdated":"2023-11-20T14:26:10.384Z","folderId":null,"pageName":"Checkout Template","serverPageId":null,"sectionCount":1,"status":2,"backwardUrl":null},{"id":217160568,"title":"Login Template","order":7,"templateKey":"login","customTemplate":false,"customTemplateFilename":null,"pageLinks":[],"dateCreated":"2023-11-20T14:26:09.016Z","dateUpdated":"2023-11-20T14:26:10.384Z","folderId":null,"pageName":"Login Template","serverPageId":null,"sectionCount":1,"status":2,"backwardUrl":null},{"id":56062502,"title":"Page Password Template","order":8,"templateKey":"password","customTemplate":false,"customTemplateFilename":null,"pageLinks":[],"dateCreated":"2023-11-20T14:26:09.184Z","dateUpdated":"2023-11-20T14:26:10.384Z","folderId":null,"pageName":"Page Password Template","serverPageId":null,"sectionCount":1,"status":2,"backwardUrl":null},{"id":774604551,"title":"404 Not Found Template","order":9,"templateKey":"404","customTemplate":false,"customTemplateFilename":null,"pageLinks":[],"dateCreated":"2023-11-20T14:26:09.336Z","dateUpdated":"2023-11-20T14:26:10.384Z","folderId":null,"pageName":"404 Not Found Template","serverPageId":null,"sectionCount":1,"status":2,"backwardUrl":null},{"id":947028618,"title":"Thank You Page Template","order":10,"templateKey":"ThankYou","customTemplate":false,"customTemplateFilename":null,"pageLinks":[],"dateCreated":"2023-11-20T14:26:09.483Z","dateUpdated":"2023-11-20T14:26:10.384Z","folderId":null,"pageName":"Thank You Page Template","serverPageId":null,"sectionCount":1,"status":2,"backwardUrl":null},{"id":65429371,"title":"Главная","order":50,"templateKey":null,"customTemplate":false,"customTemplateFilename":null,"pageLinks":["77397419","61117117"],"dateCreated":"2023-11-20T14:26:11.435Z","dateUpdated":"2023-11-26T09:29:55.915Z","folderId":null,"pageName":"Главная_65429371","serverPageId":null,"sectionCount":10,"status":2,"backwardUrl":null},{"id":512700526,"title":"О нас","order":100,"templateKey":null,"customTemplate":false,"customTemplateFilename":null,"pageLinks":[],"dateCreated":"2023-11-20T14:26:09.601Z","dateUpdated":"2023-11-20T14:26:10.385Z","folderId":null,"pageName":"О нас_512700526","serverPageId":null,"sectionCount":1,"status":2,"backwardUrl":null},{"id":61117117,"title":"Контакты","order":101,"templateKey":null,"customTemplate":false,"customTemplateFilename":null,"pageLinks":[],"dateCreated":"2023-11-20T14:26:09.685Z","dateUpdated":"2023-11-20T14:26:10.385Z","folderId":null,"pageName":"Контакты_61117117","serverPageId":null,"sectionCount":1,"status":2,"backwardUrl":null}]